[
  {
    "category": "``aws s3``", 
    "description": "Fix an issue causing ``s3 sync`` with the ``--delete`` incorrectly deleting files (issue 440)", 
    "type": "bugfix"
  }, 
  {
    "category": "Output", 
    "description": "Fix an issue with ``--output text`` combined with paginated results (boto/botocore#165)", 
    "type": "bugfix"
  }, 
  {
    "category": "Output", 
    "description": "Fix a bug in text output when an empty list is encountered (issue 446)", 
    "type": "bugfix"
  }
]
