[
  {
    "category": "``aws s3``", 
    "description": "Fix issue 548 where ``--include/--exclude`` arguments for various ``aws s3`` commands were prepending the CWD instead of the source directory for filter patterns", 
    "type": "bugfix"
  }, 
  {
    "category": "``aws s3``", 
    "description": "Fix issue 552 where a remote location without a trailing slash would show a malformed XML error when using various  ``aws s3`` commands", 
    "type": "bugfix"
  }, 
  {
    "category": "``aws emr``", 
    "description": "Add support for tagging in ``aws emr`` command", 
    "type": "feature"
  }, 
  {
    "category": "``aws cloudfront``", 
    "description": "Add support for georestrictions in ``aws cloudfront`` command", 
    "type": "feature"
  }, 
  {
    "category": "``aws elastictranscoder``", 
    "description": "Add support for new audio compression codecs in the ``aws elastictranscoder`` command", 
    "type": "feature"
  }, 
  {
    "category": "``aws cloudtrail``", 
    "description": "Update the ``aws cloudtrail`` command to the latest API", 
    "type": "feature"
  }, 
  {
    "category": "Endpoints", 
    "description": "Add support for the new China (Beijing) Region. Note now includes support for the newly announced China (Beijing) Region, the service endpoints will not be accessible until the Region\u2019s limited preview is launched in early 2014. To find out more about the new Region and request a limited preview account, please visit http://www.amazonaws.cn/.", 
    "type": "feature"
  }
]
