[
  {
    "category": "``aws directconnect``", 
    "description": "Update the AWS Direct Connect command to support the latest features", 
    "type": "feature"
  }, 
  {
    "category": "Arguments", 
    "description": "Fix text output with single scalar value (issue 428)", 
    "type": "bugfix"
  }, 
  {
    "category": "Input", 
    "description": "Fix shell quoting for ``PAGER``/``MANPAGER`` environment variable (issue 429)", 
    "type": "bugfix"
  }, 
  {
    "category": "Endpoints", 
    "description": "--endpoint-url is explicitly used for URL of remote service (boto/botocore#163)", 
    "type": "bugfix"
  }, 
  {
    "category": "``aws ec2``", 
    "description": "Fix an validation error when using ``--ip-permissions`` and ``--group-id`` together (issue 435)", 
    "type": "bugfix"
  }
]
