[
  {
    "category": "``aws s3``", 
    "description": "Fix issue when ``--delete`` and ``--exclude`` filters are used together (`issue 778 <https://github.com/aws/aws-cli/issues/778>`__)", 
    "type": "bugfix"
  }, 
  {
    "category": "``aws route53``", 
    "description": "Update ``aws route53`` to the latest model", 
    "type": "feature"
  }, 
  {
    "category": "``aws emr``", 
    "description": "Fix issue with ``aws emr`` retry logic not being applied correctly (`botocore issue 285 <https://github.com/boto/botocore/pull/285>`__)", 
    "type": "bugfix"
  }
]
