[
  {
    "category": "``aws ses``", 
    "description": "Add support for delivery notifications", 
    "type": "feature"
  }, 
  {
    "category": "Region Config", 
    "description": "Fix issue for ``cn-north-1`` region (`issue botocore 314 <https://github.com/boto/botocore/pull/314>`__)", 
    "type": "bugfix"
  }, 
  {
    "category": "Amazon EC2 Credential File", 
    "description": "Fix regression for parsing EC2 credential file (`issue botocore 315 <https://github.com/boto/botocore/pull/315>`__)", 
    "type": "bugfix"
  }, 
  {
    "category": "Signature Version 2", 
    "description": "Fix timestamp format when calculating signature version 2 signatures (`issue botocore 308 <https://github.com/boto/botocore/pull/308>`__)", 
    "type": "bugfix"
  }
]
