[
  {
    "category": "``aws elasticloadbalancing``", 
    "description": "Update to the latest service model.", 
    "type": "feature"
  }, 
  {
    "category": "``aws swf poll-for-decision-task``", 
    "description": "Fix issue where the default paginated response is missing output response keys (`issue botocore 324 <https://github.com/boto/botocore/pull/324>`__)", 
    "type": "bugfix"
  }, 
  {
    "category": "Connections", 
    "description": "Fix issue where connections were hanging when network issues occurred `issue botocore 325 <https://github.com/boto/botocore/pull/325>`__)", 
    "type": "bugfix"
  }, 
  {
    "category": "``aws s3/s3api``", 
    "description": "Fix issue where Deprecations were being written to stderr in Python 3.4.1 `issue botocore 319 <https://github.com/boto/botocore/issues/319>`__)", 
    "type": "bugfix"
  }
]
