[
  {
    "category": "``aws configure``", 
    "description": "Add support for setting nested attributes (`issue 817 <https://github.com/aws/aws-cli/pull/817>`__)", 
    "type": "feature"
  }, 
  {
    "category": "``aws s3``", 
    "description": "Fix issue when uploading large files to newly created buckets in a non-standard region (`issue 634 <https://github.com/aws/aws-cli/issues/634>`__)", 
    "type": "bugfix"
  }, 
  {
    "category": "``aws dynamodb``", 
    "description": "Add support for a ``local`` region for dynamodb (``aws dynamodb --region local ...``) (`issue 608 <https://github.com/aws/aws-cli/issues/608>`__)", 
    "type": "feature"
  }, 
  {
    "category": "``aws elasticbeanstalk``", 
    "description": "Update ``aws elasticbeanstalk`` model to the latest version", 
    "type": "feature"
  }, 
  {
    "category": "Documentation Examples", 
    "description": "Add more documentatoin examples for many AWS CLI commands", 
    "type": "feature"
  }, 
  {
    "category": "``aws emr``", 
    "description": "Update model to the latest version", 
    "type": "feature"
  }, 
  {
    "category": "``aws elastictranscoder", 
    "description": "`` Update model to the latest version", 
    "type": "feature"
  }
]
