[
  {
    "category": "``aws ec2``", 
    "description": "Add support for Amazon VPC peering", 
    "type": "feature"
  }, 
  {
    "category": "``aws redshift``", 
    "description": "Add support for the latest Amazon Redshift API", 
    "type": "feature"
  }, 
  {
    "category": "``aws cloudsearch``", 
    "description": "Add support for the latest Amazon CloudSearch API", 
    "type": "feature"
  }, 
  {
    "category": "``aws cloudformation``", 
    "description": "Documentation updates", 
    "type": "bugfix"
  }, 
  {
    "category": "Argument Parsing", 
    "description": "Fix issue when list arguments were not being decoded to unicode properly (`issue 711 <https://github.com/aws/aws-cli/issues/711>`__)", 
    "type": "bugfix"
  }, 
  {
    "category": "Output", 
    "description": "Fix issue when invalid output type was provided in a config file or environment variable (`issue 600 <https://github.com/aws/aws-cli/issues/600>`__)", 
    "type": "bugfix"
  }
]
