[
  {
    "category": "``aws cwlogs``", 
    "description": "Add support for Amazon CloudWatch Logs", 
    "type": "feature"
  }, 
  {
    "category": "``aws cognito-sync``", 
    "description": "Add support for Amazon Cognito Service", 
    "type": "feature"
  }, 
  {
    "category": "``aws cognito-identity``", 
    "description": "Add support for Amazon Cognito Identity Service", 
    "type": "feature"
  }, 
  {
    "category": "``aws route53``", 
    "description": "Update ``aws route53`` command to the latest version", 
    "type": "feature"
  }, 
  {
    "category": "``aws ec2``", 
    "description": "Update ``aws ec2`` command to the latest version", 
    "type": "feature"
  }, 
  {
    "category": "``aws s3/s3api``", 
    "description": "Fix issue where ``--endpoint-url`` wasn't being used for ``aws s3/s3api`` commands (`issue 549 <https://github.com/aws/aws-cli/issues/549>`__)", 
    "type": "bugfix"
  }, 
  {
    "category": "``aws s3 mv``", 
    "description": "Fix bug where using the ``aws s3 mv`` command to move a large file onto itself results in the file being deleted (`issue 831 <https://github.com/aws/aws-cli/issues/831>`__)", 
    "type": "bugfix"
  }, 
  {
    "category": "``aws s3``", 
    "description": "Fix issue where parts in a multipart upload are stil being uploaded when a part has failed (`issue 834 <https://github.com/aws/aws-cli/issues/834>`__)", 
    "type": "bugfix"
  }, 
  {
    "category": "Windows", 
    "description": "Fix issue where ``python.exe`` is on a path that contains spaces (`issue 825 <https://github.com/aws/aws-cli/pull/825>`__)", 
    "type": "bugfix"
  }
]
