[
  {
    "category": "``aws datapipeline``", 
    "description": "Fix issue when serializing pipeline definitions containing list elements (`issue 705 <https://github.com/aws/aws-cli/issues/705>`__)", 
    "type": "bugfix"
  }, 
  {
    "category": "``aws s3``", 
    "description": "Fix issue when recursively removing keys containing control characters (`issue 675 <https://github.com/aws/aws-cli/issues/675>`__)", 
    "type": "bugfix"
  }, 
  {
    "category": "``aws s3``", 
    "description": "Honor ``--no-verify-ssl`` in high level ``aws s3`` commands (`issue 696 <https://github.com/aws/aws-cli/issues/696>`__)", 
    "type": "bugfix"
  }
]
