[
  {
    "category": "``aws cloudtrail``", 
    "description": "Fix issue when using ``create-subscription`` command (`issue botocore 268 <https://github.com/boto/botocore/pull/268>`__)", 
    "type": "bugfix"
  }, 
  {
    "category": "``aws cloudsearch``", 
    "description": "Amazon CloudSearch has moved out of preview (`issue 730 <https://github.com/aws/aws-cli/pull/730>`__)", 
    "type": "feature"
  }, 
  {
    "category": "``aws s3 website``", 
    "description": "Fix issue where ``--error-document`` was being ignored in certain cases (`issue 714 <https://github.com/aws/aws-cli/pull/714>`__)", 
    "type": "bugfix"
  }
]
