[
  {
    "category": "``aws iam``", 
    "description": "Update ``aws iam`` command to latest version.", 
    "type": "feature"
  }, 
  {
    "category": "``aws cognito-sync``", 
    "description": "Update ``aws cognito-sync`` command to latest version.", 
    "type": "feature"
  }, 
  {
    "category": "``aws opsworks``", 
    "description": "Update ``aws opsworks`` command to latest version.", 
    "type": "feature"
  }, 
  {
    "category": "``aws elasticbeanstalk``", 
    "description": "Add support for bundling logs.", 
    "type": "feature"
  }, 
  {
    "category": "``aws kinesis``", 
    "description": "Add suport for tagging.", 
    "type": "feature"
  }, 
  {
    "category": "Page Size", 
    "description": "Add a ``--page-size`` option, that controls page size when perfoming an operation that uses pagination. (`issue 889 <https://github.com/aws/aws-cli/pull/889>`__)", 
    "type": "feature"
  }, 
  {
    "category": "``aws s3``", 
    "description": "Added support for ignoring and warning about files that do not exist, user does not have read permissions, or are special files (i.e. sockets, FIFOs, character special devices, and block special devices) (`issue 881 <https://github.com/aws/aws-cli/pull/881>`__)", 
    "type": "bugfix"
  }, 
  {
    "category": "Parameter Shorthand", 
    "description": "Added support for ``structure(list-scalar, scalar)`` parameter shorthand. (`issue 882 <https://github.com/aws/aws-cli/pull/882>`__)", 
    "type": "feature"
  }, 
  {
    "category": "``aws s3``", 
    "description": "Fix bug when unknown options were passed to ``aws s3`` commands (`issue 886 <https://github.com/aws/aws-cli/pull/886>`__)", 
    "type": "bugfix"
  }, 
  {
    "category": "Endpoint URL", 
    "description": "Provide a better error message when an invalid ``--endpoint-url`` is provided (`issue 899 <https://github.com/aws/aws-cli/issues/899>`__)", 
    "type": "bugfix"
  }, 
  {
    "category": "``aws s3``", 
    "description": "Fix issue when keys do not get properly url decoded when syncing from a bucket that requires pagination to a bucket that requires less pagination (`issue 909 <https://github.com/aws/aws-cli/pull/909>`__)", 
    "type": "bugfix"
  }
]
