[
  {
    "category": "``aws emr``", 
    "description": "Move emr out of preview mode.", 
    "type": "feature"
  }, 
  {
    "category": "``aws s3api``", 
    "description": "Fix serialization of several s3 api commands. (`issue botocore 193 <https://github.com/boto/botocore/pull/196>`__)", 
    "type": "bugfix"
  }, 
  {
    "category": "``aws s3 sync``", 
    "description": "Fix issue for unnecessarily resyncing files on windows machines. (`issue 843 <https://github.com/aws/aws-cli/issues/843>`__)", 
    "type": "bugfix"
  }, 
  {
    "category": "``aws s3 sync``", 
    "description": "Fix issue where keys were being decoded twice when syncing between buckets. (`issue 862 <https://github.com/aws/aws-cli/pull/862>`__)", 
    "type": "bugfix"
  }
]
