[
  {
    "category": "``aws cloudsearch``", 
    "description": "Add support for advance Japanese language processing.", 
    "type": "feature"
  }, 
  {
    "category": "``aws rds``", 
    "description": "Add support for gp2 which provides faster access than disk-based storage.", 
    "type": "feature"
  }, 
  {
    "category": "``aws s3 mv``", 
    "description": "Delete multi-part objects when transferring objects across regions using ``--source-region`` (`issue 938 <https://github.com/aws/aws-cli/pull/938>`__)", 
    "type": "bugfix"
  }, 
  {
    "category": "``aws emr ssh``", 
    "description": "Fix issue with waiter configuration not being found (`issue 937 <https://github.com/aws/aws-cli/issues/937>`__)", 
    "type": "bugfix"
  }
]
