[
  {
    "category": "``aws ec2 describe-volumes``", 
    "description": "Add support for optional pagination.", 
    "type": "feature"
  }, 
  {
    "category": "``aws route53domains``", 
    "description": "Add support for auto-renew domains.", 
    "type": "feature"
  }, 
  {
    "category": "``aws cognito-identity``", 
    "description": "Add for Open-ID Connect.", 
    "type": "feature"
  }, 
  {
    "category": "``aws sts``", 
    "description": "Add support for Open-ID Connect", 
    "type": "feature"
  }, 
  {
    "category": "``aws iam``", 
    "description": "Add support for Open-ID Connect", 
    "type": "feature"
  }, 
  {
    "category": "``aws s3 sync``", 
    "description": "Fix issue when uploading with ``--exact-timestamps`` (`issue 964 <https://github.com/aws/aws-cli/pull/964>`__)", 
    "type": "bugfix"
  }, 
  {
    "category": "Retry", 
    "description": "Fix issue where certain error codes were not being retried (`botocore issue 361 <https://github.com/boto/botocore/pull/361>`__)", 
    "type": "bugfix"
  }, 
  {
    "category": "``aws emr ssh``", 
    "description": "Fix issue when using waiter interface to wait on the cluster state (`issue 954 <https://github.com/aws/aws-cli/pull/954>`__)", 
    "type": "bugfix"
  }
]
