[
  {
    "category": "``aws datapipeline get-pipeline-definition``", 
    "description": "Rename operation parameter ``--version`` to ``--pipeline-version`` to avoid shadowing a built in parameter (`issue 1058 <https://github.com/aws/aws-cli/pull/1058>`__)", 
    "type": "bugfix"
  }, 
  {
    "category": "pip installation", 
    "description": "Fix issue where pip installations would cause an error due to the system's python configuration (`issue 1051 <https://github.com/aws/aws-cli/issues/1051>`__)", 
    "type": "bugfix"
  }, 
  {
    "category": "``aws elastictranscoder``", 
    "description": "Update the ``aws elastictranscoder`` command to the latest version", 
    "type": "feature"
  }
]
