[
  {
    "category": "``aws configservice``", 
    "description": "Adds support for AWS Config", 
    "type": "feature"
  }, 
  {
    "category": "``aws kms``", 
    "description": "Adds support AWS Key Management Service", 
    "type": "feature"
  }, 
  {
    "category": "``aws s3api``", 
    "description": "Adds support for S3 server-side encryption using KMS", 
    "type": "feature"
  }, 
  {
    "category": "``aws ec2``", 
    "description": "Adds support for EBS encryption using KMS", 
    "type": "feature"
  }, 
  {
    "category": "``aws cloudtrail``", 
    "description": "Adds support for CloudWatch Logs delivery", 
    "type": "feature"
  }, 
  {
    "category": "``aws cloudformation``", 
    "description": "Adds support for template summary.", 
    "type": "feature"
  }
]
