[
  {
    "category": "``aws s3``", 
    "description": "Add support for S3 notifications", 
    "type": "feature"
  }, 
  {
    "category": "``aws configservice get-status``", 
    "description": "Fix connecting to endpoint without using ssl. (`issue 998 <https://github.com/aws/aws-cli/pull/998>`__)", 
    "type": "bugfix"
  }, 
  {
    "category": "``aws deploy push``", 
    "description": "Fix some python compatibility issues (`issue 1000 <https://github.com/aws/aws-cli/pull/1000>`__)", 
    "type": "bugfix"
  }
]
