[
  {
    "category": "AssumeRole Credential Provider", 
    "description": "Add support for assuming a role by configuring a ``role_arn`` and a ``source_profile`` in the AWS config file (`issue 991 <https://github.com/aws/aws-cli/pull/991>`__, `issue 990 <https://github.com/aws/aws-cli/pull/990>`__)", 
    "type": "feature"
  }, 
  {
    "category": "Waiters", 
    "description": "Add a ``wait`` subcommand that allows for a command to block until an AWS resource reaches a given state (`issue 992 <https://github.com/aws/aws-cli/pull/992>`__, `issue 985 <https://github.com/aws/aws-cli/pull/985>`__)", 
    "type": "feature"
  }, 
  {
    "category": "``aws s3``", 
    "description": "Fix issue where request was not properly signed on retried requests for ``aws s3`` (`issue 986 <https://github.com/aws/aws-cli/issues/986>`__, `botocore issue 375 <https://github.com/boto/botocore/pull/375>`__)", 
    "type": "bugfix"
  }, 
  {
    "category": "``aws s3``", 
    "description": "Fix issue where ``--exclude`` and ``--include`` were not being properly applied when a s3 prefix was provided. (`issue 993 <https://github.com/aws/aws-cli/pull/993>`__)", 
    "type": "bugfix"
  }
]
