[
  {
    "category": "``aws kinesis``", 
    "description": "The ``get-records`` command now returns a new value MillisBehindLatest: the number of milliseconds the ``get-records`` response is from the end of the stream, indicating how far behind real time a consumer is.", 
    "type": "feature"
  }, 
  {
    "category": "``aws kms``", 
    "description": "Add update-alias command", 
    "type": "feature"
  }, 
  {
    "category": "``aws elastictranscoder``", 
    "description": "Update the aws elastictranscoder command to include support for additional formats, including MXF, FLAC, and OGA, and additional flexibility for your output audio.", 
    "type": "feature"
  }
]
