[
  {
    "category": "``aws help topics``", 
    "description": "Add support for listing available help topics.", 
    "type": "feature"
  }, 
  {
    "category": "``aws help config-vars``", 
    "description": "Add help topic for configuration variables.", 
    "type": "feature"
  }, 
  {
    "category": "``aws help return-codes``", 
    "description": "Add help topic for return codes.", 
    "type": "feature"
  }, 
  {
    "category": "``aws help s3-config``", 
    "description": "Add help topic for configuration of s3 commands.", 
    "type": "feature"
  }, 
  {
    "category": "``aws lambda create-function/update-function-code``", 
    "description": "Improve error message when invalid ``--zip-file`` values are provided (`issue 1296 <https://github.com/aws/aws-cli/pull/1296>`__)", 
    "type": "bugfix"
  }, 
  {
    "category": "``aws ec2``", 
    "description": "Add support for new VM Import APIs, including ``import-image``.  The new APIs provide support for importing multi-volume VMs to Amazon EC2 and other enhancements.", 
    "type": "feature"
  }, 
  {
    "category": "``aws iam``", 
    "description": "Update AWS IAM command to latest version", 
    "type": "feature"
  }
]
