[
  {
    "category": "``aws codepipeline``", 
    "description": "Add support for AWS CodePipeline", 
    "type": "feature"
  }, 
  {
    "category": "``aws codecommit``", 
    "description": "Add support for AWS CodeCommit", 
    "type": "feature"
  }, 
  {
    "category": "``aws ses``", 
    "description": "Add support for cross-account sending", 
    "type": "feature"
  }, 
  {
    "category": "``aws iam``", 
    "description": "Add support for managing SSH Public Keys", 
    "type": "feature"
  }, 
  {
    "category": "``aws ecs``", 
    "description": "Update API", 
    "type": "feature"
  }
]
