[
  {
    "category": "``aws autoscaling``", 
    "description": "Add support for attachinga and describing load balancers.", 
    "type": "feature"
  }, 
  {
    "category": "``aws ec2``", 
    "description": "Add support for VPC flow logs and M4 instances.", 
    "type": "feature"
  }, 
  {
    "category": "``aws emr``", 
    "description": "Add Spark support and managed policy support.", 
    "type": "feature"
  }, 
  {
    "category": "``aws ecs``", 
    "description": "Add support for updating container agent.", 
    "type": "feature"
  }
]
