[
  {
    "category": "``aws logs``", 
    "description": "Update ``aws logs`` command to the latest model.", 
    "type": "feature"
  }, 
  {
    "category": "``aws ec2``", 
    "description": "Add paginators for the ``describe-snapshots`` sub-command.", 
    "type": "feature"
  }, 
  {
    "category": "``aws cloudtrail``", 
    "description": "Add support for the new ``lookup-events`` sub-command.", 
    "type": "feature"
  }, 
  {
    "category": "``aws configure set``", 
    "description": "Fix issue when setting nested configuration values", 
    "type": "bugfix"
  }, 
  {
    "category": "``aws s3``", 
    "description": "Add support for ``--metadata-directive`` that allows metadata to be copied or replaced for single part copies. (`issue 1188 <https://github.com/aws/aws-cli/pull/1188>`__)", 
    "type": "feature"
  }
]
