[
  {
    "category": "``aws cloudfront``", 
    "description": "Update the ``aws cloudfront`` command to the latest version.", 
    "type": "feature"
  }, 
  {
    "category": "``aws redshift``", 
    "description": "Update the ``aws redshift`` command to latest version.", 
    "type": "feature"
  }, 
  {
    "category": "``aws glacier``", 
    "description": "Add support for tagging.", 
    "type": "feature"
  }, 
  {
    "category": "``aws opsworks``", 
    "description": "Update the ``aws opsworks`` command to latest version.", 
    "type": "feature"
  }, 
  {
    "category": "``aws config``", 
    "description": "Add support for users to specify which types of supported resources AWS Config records for tracking configuration changes.", 
    "type": "feature"
  }, 
  {
    "category": "``aws deploy``", 
    "description": "Adds support for deployments to Red Hat Enterprise Linux (RHEL) instances.", 
    "type": "feature"
  }, 
  {
    "category": "``aws machinelearning wait``", 
    "description": "Add ``data-source-available``, ``ml-model-available``, ``evaluation-available``, and ``batch-prediction-available`` waiter commands. (`botocore issue 544 <https://github.com/boto/botocore/pull/544>`__)", 
    "type": "feature"
  }, 
  {
    "category": "``aws route53 wait``", 
    "description": "Add ``resource-record-sets-changed`` waiter command. (`botocore issue 543 <https://github.com/boto/botocore/pull/543>`__)", 
    "type": "feature"
  }
]
