[
  {
    "category": "``aws glacier``", 
    "description": "Add support for vault policies.", 
    "type": "feature"
  }, 
  {
    "category": "``aws iam create-open-id-connect-provider``", 
    "description": "Fix issue where the ``--url`` parameter would try to retrieve the contents from the url instead of use the url as its value. (`issue 1317 <https://github.com/aws/aws-cli/pull/1317>`__)", 
    "type": "bugfix"
  }, 
  {
    "category": "``aws workspaces``", 
    "description": "Fix issue where throttling errors were not being retried (`botocore issue 529 <https://github.com/boto/botocore/pull/529>`__)", 
    "type": "bugfix"
  }
]
