[
  {
    "category": "``aws ec2 wait image-available``", 
    "description": "Add support for polling until an EC2 image is available (`issue 1105 <https://github.com/aws/aws-cli/issues/1105>`__)", 
    "type": "feature"
  }, 
  {
    "category": "``aws ec2 wait``", 
    "description": "Add support for additional EC2 waiters including ``instance-status-ok``, ``password-data-available``, ``spot-instance-request-fulfilled``, and ``system-status-ok``", 
    "type": "feature"
  }, 
  {
    "category": "``aws s3api``", 
    "description": "Add support for Amazon S3 cross region replication", 
    "type": "feature"
  }, 
  {
    "category": "``aws s3api``", 
    "description": "Add support for Amazon S3 requester pays (`issue 797 <https://github.com/aws/aws-cli/issues/797>`__)", 
    "type": "feature"
  }, 
  {
    "category": "Tab Completion", 
    "description": "Fix issue where tab completion could not handle an ``LC_CTYPE`` of ``UTF-8`` (`issue 1233 <https://github.com/aws/aws-cli/pull/1233>`__)", 
    "type": "bugfix"
  }, 
  {
    "category": "``aws s3api put-bucket-notification``", 
    "description": "Fix issue where an empty notification configuration could not be specified (`botocore issue 495 <https://github.com/boto/botocore/pull/495>`__)", 
    "type": "bugfix"
  }, 
  {
    "category": "``aws cloudfront``", 
    "description": "Fix issue when calling cloudfront commands (`issue 1234 <https://github.com/aws/aws-cli/issues/1234>`__)", 
    "type": "bugfix"
  }, 
  {
    "category": "``aws ec2 copy-snapshot``", 
    "description": "Fix issue with the ``aws ec2 copy-snapshot`` command not correctly generating the presigned url argument (`botocore issue 498 <https://github.com/boto/botocore/pull/498>`__)", 
    "type": "bugfix"
  }
]
