[
  {
    "category": "``aws dynamodb``", 
    "description": "Add support for online indexing.", 
    "type": "feature"
  }, 
  {
    "category": "``aws importexport get-shipping-label``", 
    "description": "Add support for ``get-shipping-label``.", 
    "type": "feature"
  }, 
  {
    "category": "``aws s3 ls``", 
    "description": "Add ``--human-readable`` and ``--summarize`` options (`issue 1103 <https://github.com/aws/aws-cli/pull/1103>`__)", 
    "type": "feature"
  }, 
  {
    "category": "``aws kinesis put-records``", 
    "description": "Fix issue with base64 encoding for blob types (`botocore issue 413 <https://github.com/boto/botocore/pull/413>`__)", 
    "type": "bugfix"
  }
]
