[
  {
    "category": "Pagination", 
    "description": "Fix issue where disabling pagination did not work when shadowing arguments.  Affects commands such as ``aws route53 list-resource-record-sets``.", 
    "type": "bugfix"
  }, 
  {
    "category": "``aws elastictranscoder``", 
    "description": "Add support for job timing and input/output metadata", 
    "type": "feature"
  }, 
  {
    "category": "``aws iam``", 
    "description": "Add NamedPolicy to GetAccountAuthorization details", 
    "type": "feature"
  }, 
  {
    "category": "``aws opsworks``", 
    "description": "Allow for BlockDeviceMapping on EC2 instances launched through OpsWorks", 
    "type": "feature"
  }
]
