[
  {
    "category": "``aws workspaces``", 
    "description": "Add support for Amazon WorkSpaces.", 
    "type": "feature"
  }, 
  {
    "category": "``aws machinelearning``", 
    "description": "Add support for Amazon Machine Learning.", 
    "type": "feature"
  }, 
  {
    "category": "``aws s3api``", 
    "description": "Add support for specifying Lambda bucket notifications without needing to specify an invocation role.", 
    "type": "feature"
  }, 
  {
    "category": "``aws lambda``", 
    "description": "Update to latest api.", 
    "type": "feature"
  }, 
  {
    "category": "``aws ecs``", 
    "description": "Add support for Amazon ECS Service scheduler.", 
    "type": "feature"
  }
]
