[
  {
    "category": "``aws codedeploy``", 
    "description": "Add ``register``, ``deregister``, ``install``, and ``uninstall`` commands and update to the latest AWS CodeDeploy API.", 
    "type": "feature"
  }, 
  {
    "category": "``aws rds``", 
    "description": "Add support for ``describe-certificates``.", 
    "type": "feature"
  }, 
  {
    "category": "``aws elastictranscoder``", 
    "description": "Add support for PlayReady DRM.", 
    "type": "feature"
  }, 
  {
    "category": "``aws ec2``", 
    "description": "Add support for D2 instances.", 
    "type": "feature"
  }
]
