[
  {
    "category": "``aws logs``", 
    "description": "Add support for ``put-subscription-filter``, ``describe-subscription-filters``, and ``delete-subscription-filters``", 
    "type": "feature"
  }, 
  {
    "category": "``aws storagegateway``", 
    "description": "Add support for ``list-volume-initiators``", 
    "type": "feature"
  }, 
  {
    "category": "``aws cognito-identity``", 
    "description": "Add support for ``delete-identities`` and hiding disabled identities with the ``list-identities`` API operation", 
    "type": "feature"
  }
]
