[
  {
    "category": "``aws ds``", 
    "description": "Add support for AWS Directory Service.", 
    "type": "feature"
  }, 
  {
    "category": "``aws ec2``", 
    "description": "Add support for VPC endpoints for Amazon S3.", 
    "type": "feature"
  }, 
  {
    "category": "``aws ec2``", 
    "description": "Add support for EIP Migration.", 
    "type": "feature"
  }, 
  {
    "category": "``aws logs``", 
    "description": "Add support for filtering log events.", 
    "type": "feature"
  }
]
