[
  {
    "category": "``aws cloudtrail``", 
    "description": "Adds support for log file integrity validation, log encryption with AWS KMS-Managed Keys (SSE-KMS), and trail tagging.", 
    "type": "feature"
  }, 
  {
    "category": "``aws rds create-db-instance``", 
    "description": "--db-instance-class has a new value as db.t2.large", 
    "type": "feature"
  }, 
  {
    "category": "``aws workspaces``", 
    "description": "Adds support for volume encryption in Amazon WorkSpaces.", 
    "type": "feature"
  }
]
