[
  {
    "category": "``aws ec2 describe-snapshots``", 
    "description": "Add new dataEncryptionKeyId and StateMessage parameters", 
    "type": "feature"
  }, 
  {
    "category": "``aws efs describe-mount-targets``", 
    "description": "Add new optional MountTargetId parameter", 
    "type": "feature"
  }, 
  {
    "category": "``aws route53``", 
    "description": "Add calculated health checks and latency health checks", 
    "type": "feature"
  }, 
  {
    "category": "StreamingBody", 
    "description": "File-like object for HTTP response can now be properly closed", 
    "type": "bugfix"
  }
]
