[
  {
    "category": "Shorthand Syntax", 
    "description": "Fix parser regression when a key name has an underscore character (`issue 1510 <https://github.com/aws/aws-cli/pull/1510>`__)", 
    "type": "bugfix"
  }, 
  {
    "category": "``aws s3``", 
    "description": "Add support for ``STANDARD_IA`` storage class to the ``aws s3`` commands (`issue 1511 <https://github.com/aws/aws-cli/pull/1511>`__)", 
    "type": "feature"
  }, 
  {
    "category": "``aws logs``", 
    "description": "Add support for ``create-export-task``, ``cancel-export-task``, and ``describe-export-tasks``.", 
    "type": "feature"
  }
]
