[
  {
    "category": "``aws firehose``", 
    "description": "Add support for Amazon Kinesis Firehose", 
    "type": "feature"
  }, 
  {
    "category": "``aws inspector``", 
    "description": "Add support for Amazon Inspector", 
    "type": "feature"
  }, 
  {
    "category": "``aws kinesis``", 
    "description": "Add support for updating stream retention periods", 
    "type": "feature"
  }, 
  {
    "category": "``aws configservice``", 
    "description": "Add support for config rules", 
    "type": "feature"
  }
]
