[
  {
    "category": "``aws ec2 request-spot-fleet``", 
    "description": "Add support for new request config parameters", 
    "type": "feature"
  }, 
  {
    "category": "Shorthand Parser", 
    "description": "Fix regression where '-' character was not accepted as a key name in a shorthand value (`issue 1470 <https://github.com/aws/aws-cli/issues/1470>`__)", 
    "type": "bugfix"
  }, 
  {
    "category": "Shorthand Parser", 
    "description": "Fix regression where spaces in unquoted values were not being accepted (`issue 1471 <https://github.com/aws/aws-cli/issues/1471>`__)", 
    "type": "bugfix"
  }
]
