[
  {
    "category": "``aws deploy``", 
    "description": "Compress zip files when using ``aws deploy push`` (`issue 1534 <https://github.com/aws/aws-cli/pull/1534>`--)", 
    "type": "feature"
  }, 
  {
    "category": "Shorthand Parser", 
    "description": "Fix issue when display error message for multiline shorthand syntax values (`issue 1543 <https://github.com/aws/aws-cli/pull/1543>`__)", 
    "type": "bugfix"
  }, 
  {
    "category": "``aws route53``", 
    "description": "Automatically retry Throttling and PriorRequestNotComplete errors (`botocore issue 682 <https://github.com/boto/botocore/pull/682>`__)", 
    "type": "bugfix"
  }, 
  {
    "category": "``aws s3/s3api``", 
    "description": "Add support for changing the bucket addressing style (`botocore issue 673 <https://github.com/boto/botocore/pull/673>`__)", 
    "type": "feature"
  }, 
  {
    "category": "``aws s3api``", 
    "description": "Add missing ``--server-side-encryption`` option to ``upload-part`` command", 
    "type": "bugfix"
  }, 
  {
    "category": "``aws kms``", 
    "description": "Add ability to delete customer master keys (CMKs)", 
    "type": "feature"
  }
]
