[
  {
    "category": "``aws cognito-sync``", 
    "description": "Update API to latest version", 
    "type": "feature"
  }, 
  {
    "category": "``aws cognito-identity``", 
    "description": "Update API to latest version", 
    "type": "feature"
  }, 
  {
    "category": "Assume Role Provider", 
    "description": "Fix issue where profile does not exist errors were not being propogated back to the user (`issue 1515 <https://github.com/aws/aws-cli/pull/1515>`__)", 
    "type": "bugfix"
  }
]
