[
  {
    "category": "``aws rds``", 
    "description": "Added support for specifying port number.", 
    "type": "feature"
  }, 
  {
    "category": "``aws ds``", 
    "description": "Added support for Microsoft ActiveDirctory.", 
    "type": "feature"
  }, 
  {
    "category": "``aws route53``", 
    "description": "Added support for TrafficFlow, a new management and modeling layer for Route53.", 
    "type": "feature"
  }, 
  {
    "category": "Timeouts", 
    "description": "Added additonal options for configuring socket timeouts.", 
    "type": "feature"
  }
]
