[
  {
    "category": "``aws cloudfront create-invalidation``", 
    "description": "Add a new --paths option. (`issue 1662 <https://github.com/aws/aws-cli/pull/1662>`__)", 
    "type": "feature"
  }, 
  {
    "category": "``aws cloudfront sign``", 
    "description": "Add a new command to create a signed url. (`issue 1668 <https://github.com/aws/aws-cli/pull/1668>`__)", 
    "type": "feature"
  }, 
  {
    "category": "``aws autoscaling``", 
    "description": "Added support for protecting instances from scale-in events.", 
    "type": "feature"
  }, 
  {
    "category": "``aws rds``", 
    "description": "Added support for Aurora encryption at rest.", 
    "type": "feature"
  }
]
