[
  {
    "category": "``aws events``", 
    "description": "Initial support for Amazon CloudWatch Events. CloudWatch Events allows you to track changes to your AWS resources with less overhead and greater efficiency.", 
    "type": "feature"
  }, 
  {
    "category": "``aws ec2``", 
    "description": "Adds support for purchasing reserved capacity for specific blocks of time on a one-time of recurring basis.", 
    "type": "feature"
  }, 
  {
    "category": "``aws cloudfront``", 
    "description": "Adds support for HTTPS-only connections, and control of edge-to-origin request headers.", 
    "type": "feature"
  }, 
  {
    "category": "``aws s3``", 
    "description": "Gracefully handle encoding errors when printing S3 keys (`issue 1719 <https://github.com/boto/botocore/pull/1719>`__)", 
    "type": "bugfix"
  }
]
