[
  {
    "category": "``aws s3api``", 
    "description": "Added support for the aws-exec-read canned ACL on objects.", 
    "type": "feature"
  }, 
  {
    "category": "``aws elasticbeanstalk``", 
    "description": "Added support for composable web applications.", 
    "type": "feature"
  }, 
  {
    "category": "``aws ec2``", 
    "description": "Added support for EC2 dedicated hosts.", 
    "type": "feature"
  }, 
  {
    "category": "``aws ecs``", 
    "description": "Added support for task stopped reasons and task start and stop times.", 
    "type": "feature"
  }
]
