[
  {
    "category": "``aws datapipeline create-default-roles``", 
    "description": "Fix issue with error handling. (`issue 1618 <https://github.com/aws/aws-cli/pull/1618>`__)", 
    "type": "bugfix"
  }, 
  {
    "category": "``aws s3``", 
    "description": "Skip glacier objects when downloading from S3. (`issue 1581 <https://github.com/aws/aws-cli/pull/1581>`__)", 
    "type": "bugfix"
  }, 
  {
    "category": "``aws s3api``", 
    "description": "Auto-populate ``--copy-source-sse-customer-key-md5`` (`botocore issue 709 <https://github.com/boto/botocore/pull/709>`__)", 
    "type": "feature"
  }
]
