[
  {
    "category": "``aws s3``", 
    "description": "Fix regression when downloading a restored Glacier object (`issue 1650 <https://github.com/aws/aws-cli/pull/1650>__`)", 
    "type": "bugfix"
  }, 
  {
    "category": "``aws s3``", 
    "description": "Fix issue when encountering \"out of disk space\" errors as well as permissions errors when downloading large files (`issue 1645 <https://github.com/aws/aws-cli/issues/1645>`__, `issue 1442 <https://github.com/aws/aws-cli/issues/1442>`__)", 
    "type": "bugfix"
  }, 
  {
    "category": "``aws opsworks register``", 
    "description": "Support ``--no-verify-ssl`` argument for the ``aws opsworks register`` command (`issue 1632 <https://github.com/aws/aws-cli/pull/1632>`__)", 
    "type": "bugfix"
  }, 
  {
    "category": "``s3``", 
    "description": "Add support for Server-Side Encryption with KMS and Server-Side Encryption with Customer-Provided Keys. (`issue 1623 <https://github.com/aws/aws-cli/pull/1623>`__)", 
    "type": "feature"
  }
]
