[
  {
    "category": "``aws configservice``", 
    "description": "Support for IAM resource types", 
    "type": "feature"
  }, 
  {
    "category": "``aws cloudtrail``", 
    "description": "Adds ``isMultiRegion`` to some of the commands", 
    "type": "feature"
  }, 
  {
    "category": "``aws cloudfront``", 
    "description": "Adds support for gzip", 
    "type": "feature"
  }, 
  {
    "category": "``aws ec2``", 
    "description": "Adds new commands for VPC Managed NAT", 
    "type": "feature"
  }
]
