[
  {
    "category": "``aws s3``", 
    "description": "Fix some local path validation issues (`issue 1575 <https://github.com/aws/aws-cli/pull/1575>`__)", 
    "type": "bugfix"
  }, 
  {
    "category": "``aws storagegateway``", 
    "description": "Fix ``--tape-ar-ns``, ``--volume-ar-ns``, and ``--vtl-device-ar-ns`` to ``--tape-arns``, ``--volume-arns``, and ``--vtl-device-arns``, respectively.  The old arguments are still supported for backwards compatibility, but are no longer documented. (`issue 1599 <https://github.com/aws/aws-cli/pull/1599>`__)", 
    "type": "bugfix"
  }, 
  {
    "category": "``aws configservice subscribe``", 
    "description": "Fix an issue when creating a new S3 bucket (`issue 1593 <https://github.com/aws/aws-cli/pull/1593>`__)", 
    "type": "bugfix"
  }, 
  {
    "category": "``aws apigateway put-integration``", 
    "description": "Fix issue with ``--uri`` and ``--integration-http-method`` parameters (`issue 1605 <https://github.com/aws/aws-cli/issues/1605>`_)", 
    "type": "bugfix"
  }
]
